0 509,Column1
2,509
5,509
7,509
10,509
12,509
14,509
17,509
19,509
22,509
25,509
28,509
30,509
33,509
35,509
38,509
40,509
43,509
45,509
48,509
50,509
52,509
55,509
57,509
60,509
62,509
65,509
68,509
71,509
73,509
76,509
78,509
81,509
83,509
86,509
88,509
91,509
93,509
95,509
98,509
100,509
103,509
105,509
108,509
111,509
114,509
116,509
119,509
121,509
124,509
126,509
129,509
131,509
133,509
136,509
138,509
141,509
143,509
146,509
148,509
152,509
154,509
157,509
159,509
162,509
164,509
167,509
169,509
171,509
174,509
176,509
179,509
181,509
184,509
186,509
189,509
191,509
195,509
197,509
200,509
202,509
204,509
207,509
209,509
212,509
214,509
217,509
219,509
222,509
224,509
227,509
229,509
232,509
234,509
238,509
240,509
242,509
245,509
247,509
250,509
252,509
255,509
257,509
260,509
262,509
265,509
267,509
270,509
272,509
275,509
277,509
280,509
283,509
285,509
288,509
290,509
293,509
295,509
298,509
300,509
303,509
305,509
308,509
310,509
312,509
315,509
317,509
320,509
323,509
326,509
328,509
331,509
333,509
336,509
338,509
341,509
343,509
346,509
348,509
351,509
353,509
355,509
358,509
360,509
363,509
366,509
369,509
371,509
374,509
376,509
379,509
381,509
384,509
386,509
389,509
391,509
393,509
396,509
398,509
401,509
403,509
406,509
409,509
412,509
414,509
417,509
419,509
422,509
424,509
427,509
429,509
431,509
434,509
436,509
439,509
441,509
444,509
446,509
449,509
452,509
455,509
457,509
460,509
462,509
465,509
467,509
469,509
472,509
474,509
477,509
479,509
482,509
484,509
487,509
489,509
492,509
495,509
498,509
500,509
503,509
505,509
507,509
510,509
512,509
515,509
517,509
520,509
522,509
525,509
527,509
530,509
532,509
536,509
538,509
541,509
543,509
545,509
548,509
550,509
553,509
555,509
558,509
560,509
563,509
565,509
568,509
570,509
573,509
575,509
577,509
581,509
583,509
586,509
588,509
591,509
593,509
596,509
598,509
601,509
603,509
606,509
608,509
611,509
613,509
615,509
618,509
620,509
624,509
626,509
629,509
631,509
634,509
636,509
639,509
641,509
644,509
646,509
649,509
651,509
653,509
656,509
658,509
661,509
664,509
667,509
669,509
672,509
674,509
677,509
679,509
682,509
684,509
687,509
689,509
691,509
694,509
696,509
699,509
701,509
704,509
707,509
710,509
712,509
715,509
717,509
720,509
722,509
725,509
727,509
729,509
732,509
734,509
737,509
739,509
742,509
744,509
747,509
750,509
753,509
755,509
758,509
760,509
763,509
765,509
767,509
770,509
772,509
775,509
777,509
780,509
782,509
785,509
787,509
790,509
793,509
796,509
798,509
801,509
803,509
805,509
808,509
810,509
813,509
815,509
818,509
820,509
823,509
825,509
828,509
830,509
833,509
836,509
839,509
841,509
843,509
846,509
848,509
851,509
853,509
856,509
858,509
861,509
863,509
866,509
868,509
871,509
873,509
876,509
879,509
881,509
884,509
886,509
889,509
891,509
894,509
896,509
899,509
901,509
904,509
906,509
909,509
911,509
913,509
916,509
918,509
922,509
924,509
927,509
929,509
932,509
934,509
937,509
939,509
942,509
944,509
947,509
949,509
951,509
954,509
956,509
959,509
961,509
965,509
967,509
970,509
972,509
975,509
977,509
980,509
982,509
985,509
987,509
989,509
992,509
994,509
997,509
999,509
1002,509